"url_class","production_evidence","staging_evidence","risk","evidence_level","required_action"
"homepage","200; index/follow; self-canonical","200; index/follow; staging self-canonical while robots blocks all","critical staging leakage","E2","Protect staging with authentication and explicit noindex"
"sitemap owner","Rank Math index with 8 child maps and 81 discovered locs","WordPress core index with 9 child maps","SEO ownership conflict and migration drift","E2","Make SEOISTIC the single approved owner after Gate A"
"tour hub","/tours/ redirects to /popular-travel-experiences/","Source proposes /tours/ archive","core revenue-path mismatch","E2","Approve one canonical 200 tour archive"
"destination hub","/destinations/ redirects to /laos-travel-guide/ then category canonical","Source proposes /destinations/ archive","core revenue-path mismatch","E2","Approve one canonical 200 destination hub"
"tour singles","38 URLs in production tour sitemap","37 URLs listed by staging sitemap index","page-level equivalence unverified","E2","Compare only after authenticated staging crawl"
"destinations","No production destination sitemap","10 URLs listed by staging sitemap index","migration targets/value unresolved","E2","Inventory production destination-like URLs and approve mapping"
"taxonomies","2 production category URLs","category, country, region and travel-style child maps exposed","duplicate/thin archive risk","E2","Noindex/exclude unapproved utility taxonomies"
"people/users","6 production personnel URLs","public user sitemap listed","privacy and thin-page exposure","E2","Require page-level decision; remove user sitemap from public staging"
"llms.txt","200 with legacy/apex/utility URLs","404","noncanonical machine-discovery list","E2","Regenerate only after approved canonical inventory"
