"url","discovery_source","status","final_url","content_type","title","meta_description","h1","word_count","index_directive","canonical","sitemap_member","click_depth","inlinks","outlinks","schema_types","image_alt_issues","template_type","redirect_chain","evidence_level","observed_utc","notes"
"https://www.brothertours.com/","https://www.brothertours.com/page-sitemap.xml","200","https://www.brothertours.com/","text/html; charset=UTF-8","Brother Tours Laos | Laos Tour Packages Private Guides","Explore Laos with Brother Tours. Private tours, custom travel plans, and cultural trips. Fast visa service and friendly guides.","Laos is not a destination. It is the people who take you there.","1385","follow, index, max-video-preview:-1, max-image-preview:large","https://www.brothertours.com/","true","0","78","40","Place|GeoCoordinates|PostalAddress|ImageObject|WebSite|SearchAction|WebPage|TravelAgency|ContactPoint","0","home","","E2","2026-08-11T00:57:42Z",""
"https://www.brothertours.com/about-brother-tours-tour-operator-in-laos/","https://www.brothertours.com/page-sitemap.xml","200","https://www.brothertours.com/about-brother-tours-tour-operator-in-laos/","text/html","About Brother Tours Laos - Local Tour Operator & Travel Hosts 2025","Brother Tours Laos: Your local hosts, not just tour operators. Experience authentic Laos travel with our founders & team of passionate experts. Award-winning cultural immersion since 2010.","We Don't Sell Tours – We Share Our Home","1283","MISSING","https://brothertours.com/about-brother-tours-tour-operator-in-laos/","true","1","74","1","TravelAgency|Person|PostalAddress|ContactPoint|Country|AggregateRating|BreadcrumbList|ListItem|FAQPage|Question|Answer","0","page_or_post","","E2","2026-08-11T00:57:42Z",""
"https://www.brothertours.com/b2b-travel-partner-program/","https://www.brothertours.com/page-sitemap.xml","200","https://www.brothertours.com/b2b-travel-partner-program/","text/html; charset=UTF-8","Exclusive B2B Travel Partner Program | Brother Tours Laos","Join Brother Tours’ B2B Travel Partner Program and access exclusive Laos travel packages, competitive commissions, and white-label support for travel agents.","Exclusive B2B Travel Partner Program","579","follow, index, max-video-preview:-1, max-image-preview:large","https://www.brothertours.com/b2b-travel-partner-program/","true","1","3","14","Place|GeoCoordinates|PostalAddress|ImageObject|WebSite|WebPage|Person|Article","1","page_or_post","","E2","2026-08-11T00:57:42Z",""
"https://www.brothertours.com/book-free-tour-form/","https://www.brothertours.com/page-sitemap.xml","200","https://www.brothertours.com/book-free-tour-form/","text/html; charset=UTF-8","Book Your Free Tour with Brother Tours – Easy & Quick Form","Sign up for a free tour with Brother Tours! Use our quick form to explore stunning destinations without any booking fees. Discover Laos today!","Join Us","169","follow, index, max-video-preview:-1, max-image-preview:large","https://www.brothertours.com/book-free-tour-form/","true","MISSING","1","14","Place|GeoCoordinates|PostalAddress|ImageObject|WebSite|WebPage|Person|Article","0","page_or_post","","E2","2026-08-11T00:57:42Z",""
"https://www.brothertours.com/brother-tours-legal-license/","https://www.brothertours.com/page-sitemap.xml","200","https://www.brothertours.com/brother-tours-legal-license/","text/html; charset=UTF-8","Brother Tours Legal License – Trustworthy Travel Services","Discover the legal license of Brother Tours. Learn about our commitment to safe and reliable travel experiences in Laos. Travel with confidence","A Trusted Licensed DMC in Laos","204","follow, index, max-video-preview:-1, max-image-preview:large","https://www.brothertours.com/brother-tours-legal-license/","true","1","5","18","Place|GeoCoordinates|PostalAddress|ImageObject|WebSite|WebPage|Person|Article","8","page_or_post","","E2","2026-08-11T00:57:42Z",""
"https://www.brothertours.com/cambodia-travel-guide/","https://www.brothertours.com/page-sitemap.xml","200","https://www.brothertours.com/cambodia-travel-guide/","text/html; charset=UTF-8","Cambodia Travel Guide - Brother Tours Laos","Plan your dream trip with this Cambodia Travel Guide! Discover the best places to visit, travel tips, visa requirements, local cuisine, and more for an unforgettable adventure in 2024.","","748","follow, index, max-video-preview:-1, max-image-preview:large","https://www.brothertours.com/cambodia-travel-guide/","true","MISSING","1","14","Place|GeoCoordinates|PostalAddress|ImageObject|WebSite|WebPage|Person|Article","0","page_or_post","","E2","2026-08-11T00:57:42Z",""
"https://www.brothertours.com/category/laos-travel-guide/","https://www.brothertours.com/category-sitemap.xml","200","https://www.brothertours.com/category/laos-travel-guide/","text/html; charset=UTF-8","Laos Travel Guide - Brother Tours Laos","","","955","follow, index, max-video-preview:-1, max-image-preview:large","https://www.brothertours.com/category/laos-travel-guide/","true","MISSING","2","58","Place|GeoCoordinates|PostalAddress|TravelAgency|ImageObject|WebSite|CollectionPage","0","archive","","E2","2026-08-11T00:57:42Z",""
"https://www.brothertours.com/category/travel-blog/","https://www.brothertours.com/category-sitemap.xml","200","https://www.brothertours.com/category/travel-blog/","text/html; charset=UTF-8","Travel Blog - Brother Tours Laos","","","979","follow, index, max-video-preview:-1, max-image-preview:large","https://www.brothertours.com/category/travel-blog/","true","MISSING","3","57","Place|GeoCoordinates|PostalAddress|TravelAgency|ImageObject|WebSite|CollectionPage","0","archive","","E2","2026-08-11T00:57:42Z",""
"https://www.brothertours.com/contact/","https://www.brothertours.com/page-sitemap.xml","200","https://www.brothertours.com/contact/","text/html","Contact Brother Tours Laos | Get in Touch with Ken FJ Her","Contact Brother Tours Laos for authentic travel experiences. Call +856-20-55989894, WhatsApp, email enquiry@brothertours.com, or visit Vientiane, Laos. Connect with Ken FJ Her, your host in Laos.","Contact Brother Tours Laos","637","MISSING","https://www.brothertours.com/contact/","true","1","73","28","TravelAgency|PostalAddress|Person|ContactPage|ImageObject|BreadcrumbList|ListItem|FAQPage|Question|Answer","0","page_or_post","","E2","2026-08-11T00:57:42Z",""
"https://www.brothertours.com/explore-laos-authentically-with-brother-tours/","https://www.brothertours.com/page-sitemap.xml","200","https://www.brothertours.com/explore-laos-authentically-with-brother-tours/","text/html; charset=UTF-8","Explore Laos Authentically with Local Guides – Brother Tours","Ready to explore Laos authentically? Dive into rich culture, stunning landscapes, and off-the-beaten-path sites led by expert local guides.","","1085","follow, index, max-video-preview:-1, max-image-preview:large","https://www.brothertours.com/explore-laos-authentically-with-brother-tours/","true","MISSING","1","36","Place|GeoCoordinates|PostalAddress|ImageObject|WebSite|WebPage|Person|Article","22","page_or_post","","E2","2026-08-11T00:57:42Z",""
"https://www.brothertours.com/free-tour-term-of-service/","https://www.brothertours.com/page-sitemap.xml","200","https://www.brothertours.com/free-tour-term-of-service/","text/html; charset=UTF-8","Free Tour - Term of service","Review the terms of service for our free tours at Brother Tours. Understand your rights and responsibilities for a smooth travel experience!","","617","follow, index, max-video-preview:-1, max-image-preview:large","https://www.brothertours.com/free-tour-term-of-service/","true","MISSING","1","14","Place|GeoCoordinates|PostalAddress|ImageObject|WebSite|WebPage|Person|Article","0","page_or_post","","E2","2026-08-11T00:57:42Z",""
"https://www.brothertours.com/highlight-tours/","https://www.brothertours.com/page-sitemap.xml","200","https://www.brothertours.com/highlight-tours/","text/html; charset=UTF-8","Highlight Tours in Laos – Brother Tours","Join us for highlight tours in Laos! Discover breathtaking landscapes, rich culture, and unique adventures that will make your trip truly memorable","Highlight Tours in Laos: Exploring the Jewel of Southeast Asia","1141","follow, index, max-video-preview:-1, max-image-preview:large","https://www.brothertours.com/highlight-tours/","true","MISSING","1","14","Place|GeoCoordinates|PostalAddress|ImageObject|WebSite|WebPage|Person|Article","0","page_or_post","","E2","2026-08-11T00:57:42Z",""
"https://www.brothertours.com/ken-fj-her-authentic-laos-southeast-asia-journeys-hosted/","https://www.brothertours.com/page-sitemap.xml","200","https://www.brothertours.com/ken-fj-her-authentic-laos-southeast-asia-journeys-hosted/","text/html","Ken FJ Her | Founder of Brother Tours Laos | Authentic Southeast Asia Journeys","Meet Ken FJ Her, founder of Brother Tours Laos. Experience authentic cultural journeys hosted by Ken himself. Travel deeper with Laos","Ken FJ Her","1128","MISSING","https://www.brothertours.com/about-brother-tours-tour-operator-in-laos/","true","1","5","30","Person|Organization|BreadcrumbList|ListItem|PostalAddress","0","page_or_post","","E2","2026-08-11T00:57:42Z",""
"https://www.brothertours.com/laos-tour-packages-from-usa/","https://www.brothertours.com/page-sitemap.xml","200","https://www.brothertours.com/laos-tour-packages-from-usa/","text/html; charset=UTF-8","Best Laos Tour Packages from USA | Brother Tours","Custom Laos tour packages for US travelers. Flights, visas, private guides & seamless planning. Book your dream Laos trip from the USA with Brother Tours.","Laos Tour Packages from the USA for Bold Explorers","1374","follow, index, max-video-preview:-1, max-image-preview:large","https://www.brothertours.com/laos-tour-packages-from-usa/","true","MISSING","1","6","Place|GeoCoordinates|PostalAddress|ImageObject|WebSite|WebPage|Person|Article","12","page_or_post","","E2","2026-08-11T00:57:42Z",""
"https://www.brothertours.com/laos-travel-guide/14-day-laos-itinerary/","https://www.brothertours.com/post-sitemap.xml","200","https://www.brothertours.com/laos-travel-guide/14-day-laos-itinerary/","text/html; charset=UTF-8","The Ultimate 14-Day Laos Itinerary for Cultural Travelers Brother Tours Laos","","The Ultimate 14-Day Laos Itinerary for Cultural Travelers","1275","MISSING","","true","MISSING","3","13","","1","page_or_post","","E2","2026-08-11T00:57:42Z",""
"https://www.brothertours.com/lao-working-visa-la-b2-procedure-and-fee/","https://www.brothertours.com/page-sitemap.xml","200","https://www.brothertours.com/lao-working-visa-la-b2-procedure-and-fee/","text/html","LA-B2 Visa Laos: Cost, Work Permit & Complete Process 2026 | Brother Tours","Complete guide to LA-B2 visa Laos & work permit. Costs, step-by-step process for Bangladeshi, business visa. Trusted Laos visa agency. Apply with Brother Tours.","LA-B2 Visa Laos – Complete Procedure, Cost & Work Permit Guide (2026)","1332","index, follow, max-image-preview:large, max-snippet:-1, max-video-preview:-1","https://www.brothertours.com/lao-working-visa-la-b2-procedure-and-fee/","true","MISSING","1","30","TravelAgency|PostalAddress|Service|Country|Offer|BreadcrumbList|ListItem|Article|Organization|FAQPage|Question|Answer","0","page_or_post","","E2","2026-08-11T00:57:42Z",""
"https://www.brothertours.com/leave-a-review/","https://www.brothertours.com/page-sitemap.xml","200","https://www.brothertours.com/leave-a-review/","text/html; charset=UTF-8","Leave a Review for Brother Tours | Share Your Experience","Help others discover the joy of traveling with Brother Tours! Leave a review and let them know about your unforgettable experience. Your feedback matters.","We’d Love To Hear From You!","162","follow, index, max-video-preview:-1, max-image-preview:large","https://www.brothertours.com/leave-a-review/","true","1","5","14","Place|GeoCoordinates|PostalAddress|ImageObject|WebSite|WebPage|Person|Article","0","page_or_post","","E2","2026-08-11T00:57:42Z",""
"https://www.brothertours.com/locations.kml","https://www.brothertours.com/local-sitemap.xml","200","https://www.brothertours.com/locations.kml","text/xml; charset=UTF-8","","","","10","MISSING","","true","MISSING","0","0","","0","page_or_post","","E2","2026-08-11T00:57:42Z",""
"https://www.brothertours.com/mp-sustain-training-center/","https://www.brothertours.com/e-landing-page-sitemap.xml","200","https://www.brothertours.com/mp-sustain-training-center/","text/html; charset=UTF-8","MP Sustain Training center - Brother Tours Laos","Delivering real-world impact and creating sustainable solutions in the tourism industry through practical, fact-based services.","MP Sustainable Training Center","698","follow, index, max-video-preview:-1, max-image-preview:large","https://www.brothertours.com/mp-sustain-training-center/","true","MISSING","1","25","","3","page_or_post","","E2","2026-08-11T00:57:42Z",""
"https://www.brothertours.com/new-page-ken/","https://www.brothertours.com/page-sitemap.xml","200","https://www.brothertours.com/new-page-ken/","text/html; charset=UTF-8","Brother Tours Landing Page - Brother Tours Laos","","","10","follow, index, max-video-preview:-1, max-image-preview:large","https://www.brothertours.com/new-page-ken/","true","MISSING","0","0","Place|GeoCoordinates|PostalAddress|ImageObject|WebSite|WebPage|Person|Article","0","page_or_post","","E2","2026-08-11T00:57:42Z",""
"https://www.brothertours.com/one-day-trips/","https://www.brothertours.com/page-sitemap.xml","200","https://www.brothertours.com/one-day-trips/","text/html; charset=UTF-8","Best One Day Trips in Laos | Brother Tours","Discover the best one day trips in Laos—Vientiane, Luang Prabang & Vang Vieng day tours. Book authentic, guided day trips near you with Brother Tours.","","993","follow, index, max-video-preview:-1, max-image-preview:large","https://www.brothertours.com/one-day-trips/","true","MISSING","1","29","Place|GeoCoordinates|PostalAddress|ImageObject|WebSite|WebPage|Person|Article|Service","5","page_or_post","","E2","2026-08-11T00:57:42Z",""
"https://www.brothertours.com/our-team/","https://www.brothertours.com/page-sitemap.xml","200","https://www.brothertours.com/our-team/","text/html; charset=UTF-8","Meet the Expert Laos Tour Guides & Travel Specialists | Brother Tours Team","Meet the expert Laos tour guides and travel specialists at Brother Tours. Our dedicated team offers personalized travel experiences, showcasing the hidden gems and authentic culture of Laos. Discover why we are the leading Destination Management Company (DMC) in Laos.","","210","follow, index, max-video-preview:-1, max-image-preview:large","https://www.brothertours.com/our-team/","true","MISSING","1","20","Place|GeoCoordinates|PostalAddress|ImageObject|WebSite|WebPage|Person|Article","5","page_or_post","","E2","2026-08-11T00:57:42Z",""
"https://www.brothertours.com/personnel/ammie-thao-her/","https://www.brothertours.com/personnel-sitemap.xml","200","https://www.brothertours.com/personnel/ammie-thao-her/","text/html; charset=UTF-8","Ammie Thao Her - Brother Tours Laos","","","262","follow, index, max-video-preview:-1, max-image-preview:large","https://www.brothertours.com/personnel/ammie-thao-her/","true","MISSING","2","15","","0","page_or_post","","E2","2026-08-11T00:57:42Z",""
"https://www.brothertours.com/personnel/julie-virasak/","https://www.brothertours.com/personnel-sitemap.xml","200","https://www.brothertours.com/personnel/julie-virasak/","text/html; charset=UTF-8","Julie Virasak - Brother Tours Laos","","","257","follow, index, max-video-preview:-1, max-image-preview:large","https://www.brothertours.com/personnel/julie-virasak/","true","MISSING","2","15","","1","page_or_post","","E2","2026-08-11T00:57:42Z",""
"https://www.brothertours.com/personnel/ken/","https://www.brothertours.com/personnel-sitemap.xml","200","https://www.brothertours.com/personnel/ken/","text/html; charset=UTF-8","Ken FJ Her - Brother Tours Laos","","","371","follow, index, max-video-preview:-1, max-image-preview:large","https://www.brothertours.com/personnel/ken/","true","MISSING","2","15","","0","page_or_post","","E2","2026-08-11T00:57:42Z",""
"https://www.brothertours.com/personnel/michael-neng-thao/","https://www.brothertours.com/personnel-sitemap.xml","200","https://www.brothertours.com/personnel/michael-neng-thao/","text/html; charset=UTF-8","Michael Thao - Brother Tours Laos","","","338","follow, index, max-video-preview:-1, max-image-preview:large","https://www.brothertours.com/personnel/michael-neng-thao/","true","MISSING","2","15","","0","page_or_post","","E2","2026-08-11T00:57:42Z",""
"https://www.brothertours.com/personnel/miss-aping-souliseum/","https://www.brothertours.com/personnel-sitemap.xml","200","https://www.brothertours.com/personnel/miss-aping-souliseum/","text/html; charset=UTF-8","Miss Aping Souliseum - Brother Tours Laos","Outside of guiding, I enjoy learning more about Laos history, trekking, cycling, and exploring new places. Lets's start with Miss Aping Souliseum!","","495","follow, index, max-video-preview:-1, max-image-preview:large","https://www.brothertours.com/personnel/miss-aping-souliseum/","true","MISSING","2","15","","0","page_or_post","","E2","2026-08-11T00:57:42Z",""
"https://www.brothertours.com/personnel/sak/","https://www.brothertours.com/personnel-sitemap.xml","200","https://www.brothertours.com/personnel/sak/","text/html; charset=UTF-8","Sak - Brother Tours Laos","","","282","follow, index, max-video-preview:-1, max-image-preview:large","https://www.brothertours.com/personnel/sak/","true","MISSING","2","15","","0","page_or_post","","E2","2026-08-11T00:57:42Z",""
"https://www.brothertours.com/popular-travel-experiences/","https://www.brothertours.com/page-sitemap.xml","200","https://www.brothertours.com/popular-travel-experiences/","text/html; charset=UTF-8","Popular Travel experiences in Laos - Brother Tours Laos","Laos, a hidden gem in Southeast Asia, offers travelers a mix of adventure, culture, and natural beauty. Here are some of the most popular travel experiences in this enchanting country.","","429","follow, index, max-video-preview:-1, max-image-preview:large","https://www.brothertours.com/popular-travel-experiences/","true","MISSING","1","23","Place|GeoCoordinates|PostalAddress|ImageObject|WebSite|WebPage|Person|Article","0","page_or_post","","E2","2026-08-11T00:57:42Z",""
"https://www.brothertours.com/portfolio/inceptos-bibendum-sem/","https://www.brothertours.com/portfolio-sitemap.xml","200","https://www.brothertours.com/portfolio/inceptos-bibendum-sem/","text/html; charset=UTF-8","Inceptos Bibm Sem - Brother Tours Laos","Cras justo odio, dapibus ac facilisis in, egestas eget quam. Nulla vitae elit libero, a pharetra augue. Morbi leo risus, porta ac consectetur ac, vestibulum","","165","follow, index, max-video-preview:-1, max-image-preview:large","https://www.brothertours.com/portfolio/inceptos-bibendum-sem/","true","MISSING","1","14","","0","page_or_post","","E2","2026-08-11T00:57:42Z",""
"https://www.brothertours.com/privacy-policy/","https://www.brothertours.com/page-sitemap.xml","200","https://www.brothertours.com/privacy-policy/","text/html; charset=UTF-8","Privacy Policy | Brother Tours - Your Trusted Travel Partner","Learn how Brother Tours Privacy Policy collects, uses, and protects your personal information. Explore our commitment to data security, privacy rights.","Privacy Policy","649","follow, index, max-video-preview:-1, max-image-preview:large","https://www.brothertours.com/privacy-policy/","true","1","5","14","Place|GeoCoordinates|PostalAddress|ImageObject|WebSite|WebPage|Person|Article","0","page_or_post","","E2","2026-08-11T00:57:42Z",""
"https://www.brothertours.com/request-to-join-this-founder-led-tour/","https://www.brothertours.com/page-sitemap.xml","200","https://www.brothertours.com/request-to-join-this-founder-led-tour/","text/html; charset=UTF-8","Request to Join This Founder-Led Tour - Brother Tours Laos","","","183","follow, index, …3717 tokens truncated…"https://www.brothertours.com/tour/6-day-laos-wonder-escape-vientiane-vangvieng/","https://www.brothertours.com/tour-sitemap.xml","200","https://www.brothertours.com/tour/6-day-laos-wonder-escape-vientiane-vangvieng/","text/html; charset=UTF-8","Easy 6 Day Laos Trip: Vientiane, Vang Vieng, Konglor Cave","6-Day Laos Wonder Escape with Brother Tours. Explore the breathtaking Konglor Cave, the vibrant city of Vientiane, and the natural beauty of Vang Vieng.","6-Day Laos Wonder Escape, Konglor cave, Vientiane and Vangvieng","1115","follow, index, max-video-preview:-1, max-image-preview:large","https://www.brothertours.com/tour/6-day-laos-wonder-escape-vientiane-vangvieng/","true","1","5","23","Product|Offer","6","tour","","E2","2026-08-11T00:57:42Z",""
"https://www.brothertours.com/tour/7-day-cultural-homestay-discovery-adventure/","https://www.brothertours.com/tour-sitemap.xml","200","https://www.brothertours.com/tour/7-day-cultural-homestay-discovery-adventure/","text/html; charset=UTF-8","7 Day Cultural Homestay Discovery Adventure","7-day Cultural Homestay Discovery Adventure in Laos! Immerse yourself in local traditions, enjoy authentic experiences, and explore breathtaking landscapes.","7 Day Cultural Homestay Discovery Adventure","1098","follow, index, max-video-preview:-1, max-image-preview:large","https://www.brothertours.com/tour/7-day-cultural-homestay-discovery-adventure/","true","1","3","25","Product|Offer","4","tour","","E2","2026-08-11T00:57:42Z",""
"https://www.brothertours.com/tour/7-day-laos-tribal-experience-adventure-hike-luang-namtha/","https://www.brothertours.com/tour-sitemap.xml","200","https://www.brothertours.com/tour/7-day-laos-tribal-experience-adventure-hike-luang-namtha/","text/html; charset=UTF-8","7 Day Laos Tribal Experience Adventure Hike Luang Namtha","Explore the heart of Northern Laos on a 7-day trekking adventure! Hike through Luang Namtha's jungles, stay in local tribal villages with Brother Tours.","7 Day Laos Tribal Experience Adventure Hike Luang Namtha","1180","follow, index, max-video-preview:-1, max-image-preview:large","https://www.brothertours.com/tour/7-day-laos-tribal-experience-adventure-hike-luang-namtha/","true","MISSING","1","24","Product|Offer","7","tour","","E2","2026-08-11T00:57:42Z",""
"https://www.brothertours.com/tour/7-day-mekong-explorer-with-cultural/","https://www.brothertours.com/tour-sitemap.xml","200","https://www.brothertours.com/tour/7-day-mekong-explorer-with-cultural/","text/html; charset=UTF-8","7 Day Mekong Explorer with Cultural Immersion and Homestay","Explore the 7 Day Mekong Explorer with local culture, village visits, and a real homestay experience. Enjoy food, traditions, and daily life up close.","7 Day Mekong Explorer with Cultural Immersion and Homestay","1170","follow, index, max-video-preview:-1, max-image-preview:large","https://www.brothertours.com/tour/7-day-mekong-explorer-with-cultural/","true","6","2","27","Product|Offer","7","tour","","E2","2026-08-11T00:57:42Z",""
"https://www.brothertours.com/tour/8-day-lao-forest-tribe-trek-and-cultural-highlights-tour/","https://www.brothertours.com/tour-sitemap.xml","200","https://www.brothertours.com/tour/8-day-lao-forest-tribe-trek-and-cultural-highlights-tour/","text/html; charset=UTF-8","8 Day Lao Forest Tribe Trek and Cultural Highlights Tour","Go deep into the 8 Day Lao Forest Tribe Trek! Meet local tribes, explore ancient temples, and see stunning nature with Brother Tours. Book your adventure today!","8 Day Lao Forest Tribe Trek and Cultural Highlights Tour","1059","follow, index, max-video-preview:-1, max-image-preview:large","https://www.brothertours.com/tour/8-day-lao-forest-tribe-trek-and-cultural-highlights-tour/","true","5","2","29","Product|Offer","11","tour","","E2","2026-08-11T00:57:42Z",""
"https://www.brothertours.com/tour/cultural-learning-adventure-5d-4n/","https://www.brothertours.com/tour-sitemap.xml","200","https://www.brothertours.com/tour/cultural-learning-adventure-5d-4n/","text/html; charset=UTF-8","Cultural Learning Adventure: A 5-Day & 4-Night Journey of Discovery","Discover the rich cultural heritage with this immersive 5-day, 4-night adventure. Perfect for explorers eager to dive into history, art, and tradition.","Cultural Learning Adventure – 5D & 4N","1185","follow, index, max-video-preview:-1, max-image-preview:large","https://www.brothertours.com/tour/cultural-learning-adventure-5d-4n/","true","MISSING","2","21","Product|Offer","1","tour","","E2","2026-08-11T00:57:42Z",""
"https://www.brothertours.com/tour/enchanting-laos-5-day-and-4-night/","https://www.brothertours.com/tour-sitemap.xml","200","https://www.brothertours.com/tour/enchanting-laos-5-day-and-4-night/","text/html; charset=UTF-8","Enchanting Laos 5-Day Tour: Luang Prabang & Nongkhiaw Adventure","Explore the best of Enchanting Laos on this 5-day tour! Visit cultural sites in Luang Prabang, swim in Kuang Si Waterfalls, and enjoy a peaceful boat ride in Nongkhiaw.","Enchanting Laos 5 Day and 4 Night Luang Prabang and Nongkhiaw","1357","follow, index, max-video-preview:-1, max-image-preview:large","https://www.brothertours.com/tour/enchanting-laos-5-day-and-4-night/","true","2","4","25","Product|Offer","9","tour","","E2","2026-08-11T00:57:42Z",""
"https://www.brothertours.com/tour/essence-of-luang-prabang-in-2-days/","https://www.brothertours.com/tour-sitemap.xml","200","https://www.brothertours.com/tour/essence-of-luang-prabang-in-2-days/","text/html; charset=UTF-8","Essence of Luang Prabang in 2 Days - Brother Tours Laos","If you’re looking to experience the heart and soul of Luang Prabang in a short time, the Essence of Luang Prabang in 2 Days tour is the perfect way to immerse","Essence of Luang Prabang in 2 Days","1441","follow, index, max-video-preview:-1, max-image-preview:large","https://www.brothertours.com/tour/essence-of-luang-prabang-in-2-days/","true","2","5","23","Product|Offer","3","tour","","E2","2026-08-11T00:57:42Z",""
"https://www.brothertours.com/tour/founder-hosted-laos-cultural-tours/","https://www.brothertours.com/tour-sitemap.xml","200","https://www.brothertours.com/tour/founder-hosted-laos-cultural-tours/","text/html; charset=UTF-8","Laos Cultural Tour | 15-Day Founder Hosted Journey","Explore a Laos cultural tour with Ken FJ Her. Experience a 15-day founder-hosted journey through authentic villages, traditions, and hidden places.","Founder-Hosted Laos & Southeast Asia Cultural Tour | 15-Day Cultural Journey","1268","follow, index, max-video-preview:-1, max-image-preview:large","https://www.brothertours.com/tour/founder-hosted-laos-cultural-tours/","true","1","7","23","Product|Offer","7","tour","","E2","2026-08-11T00:57:42Z",""
"https://www.brothertours.com/tour/gibbon-experience-laos-adventure-tour/","https://www.brothertours.com/tour-sitemap.xml","200","https://www.brothertours.com/tour/gibbon-experience-laos-adventure-tour/","text/html; charset=UTF-8","9-Day Gibbon Experience Laos – Jungle & Culture Adventure","Zipline through jungles, cruise the Mekong & explore heritage sites on this 9-day Gibbon Experience Laos. Perfect for couples, thrill-seekers & cultural explorers.","9 Day | 8 Night Gibbon Experience Adventure: Explore Laos’ Wild and Cultural Wonders","1200","follow, index, max-video-preview:-1, max-image-preview:large","https://www.brothertours.com/tour/gibbon-experience-laos-adventure-tour/","true","1","7","23","Product|Offer","4","tour","","E2","2026-08-11T00:57:42Z",""
"https://www.brothertours.com/tour/half-day-lao-language-experience/","https://www.brothertours.com/tour-sitemap.xml","200","https://www.brothertours.com/tour/half-day-lao-language-experience/","text/html; charset=UTF-8","Half-Day Lao Language Experience - Brother Tours Laos","","Half-Day Lao Language Experience","778","follow, index, max-video-preview:-1, max-image-preview:large","https://www.brothertours.com/tour/half-day-lao-language-experience/","true","2","5","18","Product|Offer","1","tour","","E2","2026-08-11T00:57:42Z",""
"https://www.brothertours.com/tour/lao-expedition-4-week-of-adventure-and-cultural-discovery/","https://www.brothertours.com/tour-sitemap.xml","200","https://www.brothertours.com/tour/lao-expedition-4-week-of-adventure-and-cultural-discovery/","text/html; charset=UTF-8","Lao Expedition: 4 Weeks of Thrilling Adventure and Cultural Discovery","4-week Lao expedition, experiencing adventure, cultural immersion, and natural beauty throughout Laos.","Lao Expedition: 4 weeks of Adventure and Cultural Discovery","985","follow, index, max-video-preview:-1, max-image-preview:large","https://www.brothertours.com/tour/lao-expedition-4-week-of-adventure-and-cultural-discovery/","true","1","4","29","Product|Offer","4","tour","","E2","2026-08-11T00:57:42Z",""
"https://www.brothertours.com/tour/lao-explorer-a-week-of-adventure-and-culture/","https://www.brothertours.com/tour-sitemap.xml","200","https://www.brothertours.com/tour/lao-explorer-a-week-of-adventure-and-culture/","text/html; charset=UTF-8","Lao Explorer: A Week of Thrilling Adventure and Rich Cultural Experiences","Discover Laos in a week with a journey blending adventure, natural wonders, and cultural immersion through key destinations.","Lao Explorer: A Week of Adventure and Culture","1137","follow, index, max-video-preview:-1, max-image-preview:large","https://www.brothertours.com/tour/lao-explorer-a-week-of-adventure-and-culture/","true","4","4","22","Product|Offer","1","tour","","E2","2026-08-11T00:57:42Z",""
"https://www.brothertours.com/tour/lao-immersion-two-weeks-of-adventure-and-cultural-exchange/","https://www.brothertours.com/tour-sitemap.xml","200","https://www.brothertours.com/tour/lao-immersion-two-weeks-of-adventure-and-cultural-exchange/","text/html; charset=UTF-8","Lao Immersion: Two Weeks of Adventure and Cultural Exchange","Dive into a 2-week Lao journey, blending thrilling adventures and cultural exchanges, with stops at temples, waterfalls, and mountain villages.","Lao Immersion: Two Weeks of Adventure and Cultural Exchange","1310","follow, index, max-video-preview:-1, max-image-preview:large","https://www.brothertours.com/tour/lao-immersion-two-weeks-of-adventure-and-cultural-exchange/","true","1","6","26","Product|Offer","3","tour","","E2","2026-08-11T00:57:42Z",""
"https://www.brothertours.com/tour/lao-odyssey-three-weeks-of-learning-and-exploration/","https://www.brothertours.com/tour-sitemap.xml","200","https://www.brothertours.com/tour/lao-odyssey-three-weeks-of-learning-and-exploration/","text/html; charset=UTF-8","Lao Odyssey: Three Weeks of Learning and Exploration","three-week Lao odyssey, diving into rich culture, scenic landscapes, and local traditions through immersive learning and exploration.","Lao Odyssey: Three Weeks of Learning and Exploration","911","follow, index, max-video-preview:-1, max-image-preview:large","https://www.brothertours.com/tour/lao-odyssey-three-weeks-of-learning-and-exploration/","true","1","6","24","Product|Offer","0","tour","","E2","2026-08-11T00:57:42Z",""
"https://www.brothertours.com/tour/laos-family-adventure-tour/","https://www.brothertours.com/tour-sitemap.xml","200","https://www.brothertours.com/tour/laos-family-adventure-tour/","text/html; charset=UTF-8","Laos Family Adventure Tour – 8-Day Nature & Culture Trip","Discover Laos on a family adventure tour! Explore waterfalls, elephants, culture & more in this 8-day tour crafted for kids, parents & all generations.","Laos Family Adventure: 8-Day Nature, Culture & Wildlife Tour for All Ages","1175","follow, index, max-video-preview:-1, max-image-preview:large","https://www.brothertours.com/tour/laos-family-adventure-tour/","true","7","5","25","Product|Offer","4","tour","","E2","2026-08-11T00:57:42Z",""
"https://www.brothertours.com/tour/laos-highlight-weekend-escape/","https://www.brothertours.com/tour-sitemap.xml","200","https://www.brothertours.com/tour/laos-highlight-weekend-escape/","text/html; charset=UTF-8","Laos Highlight Weekend Escape -𝟲 𝘿𝗮𝘆𝘀 / 𝟱 𝗡𝗶𝗴𝗵𝘁𝘀","Experience the best Laos highlight in just 6 days — perfect for couples, friends, or small groups looking to experience the best of Laos within a limited.","𝙇𝙖𝙤𝙨 𝙃𝙞𝙜𝙝𝙡𝙞𝙜𝙝𝙩 𝙒𝙚𝙚𝙠𝙚𝙣𝙙 𝙀𝙨𝙘𝙖𝙥𝙚 – 𝟲 𝘿𝗮𝘆𝘀 / 𝟱 𝗡𝗶𝗴𝗵𝘁𝘀","1082","follow, index, max-video-preview:-1, max-image-preview:large","https://www.brothertours.com/tour/laos-highlight-weekend-escape/","true","2","7","24","Product|Offer","7","tour","","E2","2026-08-11T00:57:42Z",""
"https://www.brothertours.com/tour/laos-weekend-escape-heritage-adventure/","https://www.brothertours.com/tour-sitemap.xml","200","https://www.brothertours.com/tour/laos-weekend-escape-heritage-adventure/","text/html; charset=UTF-8","Laos Weekend Escape - 𝐇𝐞𝐫𝐢𝐭𝐚𝐠𝐞, 𝐀𝐝𝐯𝐞𝐧𝐭𝐮𝐫𝐞 | 𝟔𝐃/𝟓𝐍","Laos Weekend Escape is designed for Singapore-based professionals, couples, and small groups who want cultural richness, scenic beauty....","𝐋𝐚𝐨𝐬 𝐖𝐞𝐞𝐤𝐞𝐧𝐝 𝐄𝐬𝐜𝐚𝐩𝐞: 𝐇𝐞𝐫𝐢𝐭𝐚𝐠𝐞, 𝐀𝐝𝐯𝐞𝐧𝐭𝐮𝐫𝐞 & 𝐒𝐜𝐞𝐧𝐢𝐜 𝐒𝐞𝐫𝐞𝐧𝐢𝐭𝐲","1201","follow, index, max-video-preview:-1, max-image-preview:large","https://www.brothertours.com/tour/laos-weekend-escape-heritage-adventure/","true","2","7","24","Product|Offer","4","tour","","E2","2026-08-11T00:57:42Z",""
"https://www.brothertours.com/tour/paksong-eco-trail-coffee-waterfalls-tribal-villages/","https://www.brothertours.com/tour-sitemap.xml","200","https://www.brothertours.com/tour/paksong-eco-trail-coffee-waterfalls-tribal-villages/","text/html; charset=UTF-8","1-Day Paksong Eco-Trail: Coffee, Waterfalls &Tribal Villages","1-day eco-trail in Paksong. Explore lush coffee plantations, stunning waterfalls, and tribal villages for a unique adventure in nature and culture!","1-Day Paksong Eco-Trail: Coffee, Waterfalls &Tribal Villages","723","follow, index, max-video-preview:-1, max-image-preview:large","https://www.brothertours.com/tour/paksong-eco-trail-coffee-waterfalls-tribal-villages/","true","3","5","26","Product|Offer","7","tour","","E2","2026-08-11T00:57:42Z",""
"https://www.brothertours.com/tour/southern-laos-delights-in-3-days/","https://www.brothertours.com/tour-sitemap.xml","200","https://www.brothertours.com/tour/southern-laos-delights-in-3-days/","text/html; charset=UTF-8","Southern Laos Delights in 3 Days - Brother Tours Laos","Embark on a mesmerizing 3-day journey through the serene landscapes of Southern Laos.","Southern Laos Delights in 3 Days","687","follow, index, max-video-preview:-1, max-image-preview:large","https://www.brothertours.com/tour/southern-laos-delights-in-3-days/","true","2","2","24","Product|Offer","5","tour","","E2","2026-08-11T00:57:42Z",""
"https://www.brothertours.com/tour/tribal-tour-of-northern-laos-7d-6n/","https://www.brothertours.com/tour-sitemap.xml","200","https://www.brothertours.com/tour/tribal-tour-of-northern-laos-7d-6n/","text/html; charset=UTF-8","Tribal Tour of Northern Laos - 7D & 6N: Discover Hidden Cultures","Experience the untouched beauty and rich culture of Northern Laos' tribal regions in a 7-day adventure perfect for curious travelers","Tribal Tour of Northern Laos – 7D & 6N","1167","follow, index, max-video-preview:-1, max-image-preview:large","https://www.brothertours.com/tour/tribal-tour-of-northern-laos-7d-6n/","true","MISSING","2","22","Product|Offer","0","tour","","E2","2026-08-11T00:57:42Z",""
"https://www.brothertours.com/tour/untouched-adventure-in-phongsaly-a-7d-6n/","https://www.brothertours.com/tour-sitemap.xml","200","https://www.brothertours.com/tour/untouched-adventure-in-phongsaly-a-7d-6n/","text/html; charset=UTF-8","Untouched Adventure in Phongsaly - 7D & 6N: An Epic Journey","Explore the Adventure in Phongsaly on a 7-day adventure, immersing yourself in its rich traditions, dense forests, and serene landscapes.","Untouched Adventure in Phongsaly – A 7D & 6N","689","follow, index, max-video-preview:-1, max-image-preview:large","https://www.brothertours.com/tour/untouched-adventure-in-phongsaly-a-7d-6n/","true","3","2","16","Product|Offer","0","tour","","E2","2026-08-11T00:57:42Z",""
"https://www.brothertours.com/tour/unveiling-lao-charms-6d-5n/","https://www.brothertours.com/tour-sitemap.xml","200","https://www.brothertours.com/tour/unveiling-lao-charms-6d-5n/","text/html; charset=UTF-8","Unveiling Lao Charms - 6D & 5N - Brother Tours Laos","Embark on a captivating journey through the enchanting land of Laos. From the vibrant capital city of Vientiane to the ancient wonders of Xieng Khouang and","Unveiling Lao Charms – 6D & 5N","1284","follow, index, max-video-preview:-1, max-image-preview:large","https://www.brothertours.com/tour/unveiling-lao-charms-6d-5n/","true","2","4","26","Product|Offer","1","tour","","E2","2026-08-11T00:57:42Z",""
"https://www.brothertours.com/tour-landing-page/","https://www.brothertours.com/page-sitemap.xml","200","https://www.brothertours.com/tour-landing-page/","text/html; charset=UTF-8","Tour Landing Page - Brother Tours Laos","The balmy summer air brings everyone out into the Baroque streets and riverside cafés of Slovenia’s jewel-like capital. It’s like walking into the most","5 DAY BALKAN EXPRESS TOUR","557","follow, index, max-video-preview:-1, max-image-preview:large","https://www.brothertours.com/tour-landing-page/","true","MISSING","1","14","Place|GeoCoordinates|PostalAddress|ImageObject|WebSite|WebPage|Person|Article","5","page_or_post","","E2","2026-08-11T00:57:42Z",""
"https://www.brothertours.com/travel-blog/laos-rundreise-14-tage/","https://www.brothertours.com/post-sitemap.xml","200","https://www.brothertours.com/travel-blog/laos-rundreise-14-tage/","text/html; charset=UTF-8","Laos Rundreise 14 Tage – Kultur & Natur Kombination Brother Tours Laos","","Laos Rundreise 14 Tage – Kultur & Natur Kombination","1705","MISSING","","true","MISSING","5","13","","1","page_or_post","","E2","2026-08-11T00:57:42Z",""
"https://www.brothertours.com/travel-blog/long-tieng-laos-the-secret-wars-most-important-base/","https://www.brothertours.com/post-sitemap.xml","200","https://www.brothertours.com/travel-blog/long-tieng-laos-the-secret-wars-most-important-base/","text/html; charset=UTF-8","Long Tieng Laos: The Secret War’s Most Important Base Brother Tours Laos","","The Secret War in Laos: Why Long Tieng Matters and How to Visit","1957","MISSING","","true","MISSING","5","14","","2","page_or_post","","E2","2026-08-11T00:57:42Z",""
"https://www.brothertours.com/travel-blog/why-laos-is-the-most-underrated-destination-in-southeast-asia/","https://www.brothertours.com/post-sitemap.xml","200","https://www.brothertours.com/travel-blog/why-laos-is-the-most-underrated-destination-in-southeast-asia/","text/html; charset=UTF-8","Why Laos Is the Most Underrated Destination in Southeast Asia (With a Perfect Laos 10 Day Itinerary) Brother Tours Laos","","Why Laos Is the Most Underrated Destination in Southeast Asia (With a Perfect Laos 10 Day Itinerary)","2866","MISSING","","true","MISSING","5","14","","1","page_or_post","","E2","2026-08-11T00:57:42Z",""
"https://www.brothertours.com/vientiane-capital/","https://www.brothertours.com/page-sitemap.xml","200","https://www.brothertours.com/vientiane-capital/","text/html; charset=UTF-8","Vientiane Capital Tour Packages & Day Tours | Brother Tours","Explore Vientiane with curated vientiane day tours, city highlights, and cultural experiences. Flexible, local-led vientiane capital tour packages from Brother Tours.","","728","follow, index, max-video-preview:-1, max-image-preview:large","https://www.brothertours.com/vientiane-capital/","true","MISSING","1","27","Place|GeoCoordinates|PostalAddress|ImageObject|WebSite|WebPage|Person|Article|Service","0","page_or_post","","E2","2026-08-11T00:57:42Z",""
"https://www.brothertours.com/schedule-a-free-travel-call/","https://www.brothertours.com/page-sitemap.xml","200","https://www.brothertours.com/schedule-a-free-travel-call/","text/html; charset=UTF-8","Schedule a Free Travel Call - Brother Tours Laos","Book a free 15-minute discovery call with our tour expert. Get your questions answered, get travel tips, and see if our Founder-Led Laos Tour is right for you.","","570","follow, index, max-video-preview:-1, max-image-preview:large","https://www.brothertours.com/schedule-a-free-travel-call/","true","MISSING","MISSING","14","Place|GeoCoordinates|PostalAddress|ImageObject|WebSite|WebPage|Person|Article","0","page_or_post","","E2","2026-08-11T01:02:16Z","Appended after initial crawl output truncation; graph metrics pending"
"https://www.brothertours.com/search-tours/","https://www.brothertours.com/page-sitemap.xml","200","https://www.brothertours.com/search-tours/","text/html; charset=UTF-8","Search Tours - Brother Tours Laos","","","529","follow, index, max-video-preview:-1, max-image-preview:large","https://www.brothertours.com/search-tours/","true","MISSING","MISSING","24","Place|GeoCoordinates|PostalAddress|ImageObject|WebSite|WebPage|Person|Article","0","page_or_post","","E2","2026-08-11T01:02:16Z","Appended after initial crawl output truncation; graph metrics pending"
"https://www.brothertours.com/should-visit-places/","https://www.brothertours.com/page-sitemap.xml","200","https://www.brothertours.com/should-visit-places/","text/html; charset=UTF-8","Should visit Places - Brother Tours Laos","","","610","follow, index, max-video-preview:-1, max-image-preview:large","https://www.brothertours.com/should-visit-places/","true","MISSING","MISSING","35","Place|GeoCoordinates|PostalAddress|ImageObject|WebSite|WebPage|Person|Article","1","page_or_post","","E2","2026-08-11T01:02:16Z","Appended after initial crawl output truncation; graph metrics pending"
"https://www.brothertours.com/student-group-learning-adventures-with-brother-tours/","https://www.brothertours.com/page-sitemap.xml","200","https://www.brothertours.com/student-group-learning-adventures-with-brother-tours/","text/html; charset=UTF-8","Student Group Learning Adventures with Brother Tours - Brother Tours Laos","","Student Group Learning Adventures with Brother Tours","221","follow, index, max-video-preview:-1, max-image-preview:large","https://www.brothertours.com/student-group-learning-adventures-with-brother-tours/","true","MISSING","MISSING","25","Place|GeoCoordinates|PostalAddress|ImageObject|WebSite|WebPage|Person|Article","10","page_or_post","","E2","2026-08-11T01:02:16Z","Appended after initial crawl output truncation; graph metrics pending"
"https://www.brothertours.com/sustainable-tourism-laos/","https://www.brothertours.com/page-sitemap.xml","200","https://www.brothertours.com/sustainable-tourism-laos/","text/html; charset=UTF-8","Sustainable Travel with Brother Tours","Explore Laos Sustainable Travel ! Join Brother Tours for eco-friendly adventures that support local villages, protect nature, and preserve culture. Travel green with us!","","387","follow, index, max-video-preview:-1, max-image-preview:large","https://www.brothertours.com/sustainable-tourism-laos/","true","MISSING","MISSING","15","Place|GeoCoordinates|PostalAddress|ImageObject|WebSite|WebPage|Person|Article","0","page_or_post","","E2","2026-08-11T01:02:16Z","Appended after initial crawl output truncation; graph metrics pending"
"https://www.brothertours.com/terms-and-conditions/","https://www.brothertours.com/page-sitemap.xml","200","https://www.brothertours.com/terms-and-conditions/","text/html; charset=UTF-8","Terms of Service & Policy for Brother Tours: Know Your Rights","Read Brother Tours’ Terms of Service & Policy. Learn about our booking conditions, traveler rights, cancellations, and more to ensure a smooth experience.","Terms of Service & Policy","963","follow, index, max-video-preview:-1, max-image-preview:large","https://www.brothertours.com/terms-and-conditions/","true","MISSING","MISSING","14","Place|GeoCoordinates|PostalAddress|ImageObject|WebSite|WebPage|Person|Article","0","page_or_post","","E2","2026-08-11T01:02:16Z","Appended after initial crawl output truncation; graph metrics pending"
"https://www.brothertours.com/tour/12-day-exclusive-laos-tour-southeast-asia/","https://www.brothertours.com/tour-sitemap.xml","200","https://www.brothertours.com/tour/12-day-exclusive-laos-tour-southeast-asia/","text/html; charset=UTF-8","12-Day Exclusive Laos Tour Hosted by the Founder - Brother Tours Laos","Join Brother Tours' Exclusive Insider Laos Tour, a 12-day cultural journey personally hosted by the Founder. Discover Laos like never before!","Exclusive Laos Tour & Southeast Asia with Brother Tours | 12-Day Journey Hosted by the Founder","1106","follow, index, max-video-preview:-1, max-image-preview:large","https://www.brothertours.com/tour/12-day-exclusive-laos-tour-southeast-asia/","true","MISSING","MISSING","24","Product|Offer","7","tour","","E2","2026-08-11T01:02:16Z","Appended after initial crawl output truncation; graph metrics pending"
"https://www.brothertours.com/tour/14-day-laos-private-expedition/","https://www.brothertours.com/tour-sitemap.xml","200","https://www.brothertours.com/tour/14-day-laos-private-expedition/","text/html; charset=UTF-8","14-Day Private Laos Tour: Authentic Journey With Local Experts","Experience a 14-day private Laos tour through hidden landscapes, local cultures, and authentic experiences with Brother Tours' local experts.","14-Day Private Expedition into Laos’ Most Untold Places","832","follow, index, max-video-preview:-1, max-image-preview:large","https://www.brothertours.com/tour/14-day-laos-private-expedition/","true","MISSING","MISSING","28","Product|Offer","6","tour","","E2","2026-08-11T01:02:16Z","Appended after initial crawl output truncation; graph metrics pending"
"https://www.brothertours.com/tour/1-day-ancient-wonders-of-pakse-wat-phou/","https://www.brothertours.com/tour-sitemap.xml","200","https://www.brothertours.com/tour/1-day-ancient-wonders-of-pakse-wat-phou/","text/html; charset=UTF-8","1-Day Ancient Wonders of Pakse & Wat Phou - Brother Tours","Experience Pakse's ancient wonders in a 1-day tour by Brother Tours. Visit Wat Phou, a UNESCO site, and explore historic temples and scenic landscapes.","1-Day Ancient Wonders of Pakse & Wat Phou","598","follow, index, max-video-preview:-1, max-image-preview:large","https://www.brothertours.com/tour/1-day-ancient-wonders-of-pakse-wat-phou/","true","MISSING","MISSING","28","Product|Offer","4","tour","","E2","2026-08-11T01:02:16Z","Appended after initial crawl output truncation; graph metrics pending"
"https://www.brothertours.com/tour/1-day-explore-the-untouched-of-luang-prabang/","https://www.brothertours.com/tour-sitemap.xml","200","https://www.brothertours.com/tour/1-day-explore-the-untouched-of-luang-prabang/","text/html; charset=UTF-8","1-Day Explore the Untouched of Luang Prabang - Brother Tours Laos","Experience Explore the Untouched of Luang Prabang with a day tour exploring its cultural gems and a magical Mekong River sunset cruise.","1-Day Explore the Untouched of Luang Prabang & Mekong Sunset Cruise","801","follow, index, max-video-preview:-1, max-image-preview:large","https://www.brothertours.com/tour/1-day-explore-the-untouched-of-luang-prabang/","true","MISSING","MISSING","27","Product|Offer","6","tour","","E2","2026-08-11T01:02:16Z","Appended after initial crawl output truncation; graph metrics pending"
"https://www.brothertours.com/tour/1-day-hiking-hmong-village-and-kuangsi-waterfall/","https://www.brothertours.com/tour-sitemap.xml","200","https://www.brothertours.com/tour/1-day-hiking-hmong-village-and-kuangsi-waterfall/","text/html; charset=UTF-8","1-Day Hiking Hmong village and Kuangsi Waterfall","Join our 1-day hiking tour to Hmong Village and Kuangsi Waterfall. Experience breathtaking scenery, local culture, and refreshing waterfall swims!","1-Day Hiking Hmong village and Kuangsi Waterfall","660","follow, index, max-video-preview:-1, max-image-preview:large","https://www.brothertours.com/tour/1-day-hiking-hmong-village-and-kuangsi-waterfall/","true","MISSING","MISSING","29","Product|Offer","5","tour","","E2","2026-08-11T01:02:16Z","Appended after initial crawl output truncation; graph metrics pending"
"https://www.brothertours.com/tour/1-day-mekong-cruise-pak-cave-and-whisky-village/","https://www.brothertours.com/tour-sitemap.xml","200","https://www.brothertours.com/tour/1-day-mekong-cruise-pak-cave-and-whisky-village/","text/html; charset=UTF-8","1-Day Mekong cruise, Pak Cave and Whisky village - Brother Tours Laos","","1-Day Mekong cruise, Pak Cave and Whisky village","628","follow, index, max-video-preview:-1, max-image-preview:large","https://www.brothertours.com/tour/1-day-mekong-cruise-pak-cave-and-whisky-village/","true","MISSING","MISSING","29","Product|Offer","8","tour","","E2","2026-08-11T01:02:16Z","Appended after initial crawl output truncation; graph metrics pending"
"https://www.brothertours.com/tour/1-day-mekong-magic-don-det-don-khon-cycling-adventure/","https://www.brothertours.com/tour-sitemap.xml","200","https://www.brothertours.com/tour/1-day-mekong-magic-don-det-don-khon-cycling-adventure/","text/html; charset=UTF-8","1-Day Mekong Magic: Don Det & Don Khon Cycling Adventure","Experience the Mekong magic of the with a 1-day cycling adventure to Don Det and Don Khon. Enjoy scenic views, local culture, and exciting island exploration!","1-Day Mekong Magic, Don Det & Don Khon Cycling Adventure","611","follow, index, max-video-preview:-1, max-image-preview:large","https://www.brothertours.com/tour/1-day-mekong-magic-don-det-don-khon-cycling-adventure/","true","MISSING","MISSING","27","Product|Offer","4","tour","","E2","2026-08-11T01:02:16Z","Appended after initial crawl output truncation; graph metrics pending"
"https://www.brothertours.com/tour/1-day-tour-highlight-of-vientiane/","https://www.brothertours.com/tour-sitemap.xml","200","https://www.brothertours.com/tour/1-day-tour-highlight-of-vientiane/","text/html; charset=UTF-8","1-Day Tour: Highlights of Vientiane","Discover the best of Vientiane in a 1-day tour. Visit iconic landmarks, enjoy local cuisine, and immerse yourself in the culture of Laos' capital city.","1-Day Tour Highlight of Vientiane","614","follow, index, max-video-preview:-1, max-image-preview:large","https://www.brothertours.com/tour/1-day-tour-highlight-of-vientiane/","true","MISSING","MISSING","30","Product|Offer","9","tour","","E2","2026-08-11T01:02:16Z","Appended after initial crawl output truncation; graph metrics pending"
"https://www.brothertours.com/tour/1-day-vangvieng-adventure-wonders/","https://www.brothertours.com/tour-sitemap.xml","200","https://www.brothertours.com/tour/1-day-vangvieng-adventure-wonders/","text/html; charset=UTF-8","Discover the 1-Day Vangvieng Adventure: Unveiling the Wonders of Laos' Nature","Dive into an exhilarating 1-day Vangvieng adventure in Laos, exploring nature, caves, and river adventures that thrill and inspire.","1-Day Vangvieng Adventure Wonders","857","follow, index, max-video-preview:-1, max-image-preview:large","https://www.brothertours.com/tour/1-day-vangvieng-adventure-wonders/","true","MISSING","MISSING","28","Product|Offer","4","tour","","E2","2026-08-11T01:02:16Z","Appended after initial crawl output truncation; graph metrics pending"
"https://www.brothertours.com/tour/1-day-vang-vieng-travel/","https://www.brothertours.com/tour-sitemap.xml","200","https://www.brothertours.com/tour/1-day-vang-vieng-travel/","text/html; charset=UTF-8","1 day in Vang Vieng Travel in Vientiane : Your Ultimate Travel Guide","Discover the best experiences for 1 Day in Vang Vieng travel, Laos. Explore stunning landscapes, adventure activities, and local culture in just one day!","1-Day Vang Vieng Natural Wonders","828","follow, index, max-video-preview:-1, max-image-preview:large","https://www.brothertours.com/tour/1-day-vang-vieng-travel/","true","MISSING","MISSING","26","Product|Offer","5","tour","","E2","2026-08-11T01:02:16Z","Appended after initial crawl output truncation; graph metrics pending"
"https://www.brothertours.com/tour/3-day-immersive-local-life-experience/","https://www.brothertours.com/tour-sitemap.xml","200","https://www.brothertours.com/tour/3-day-immersive-local-life-experience/","text/html; charset=UTF-8","3-Day Immersive Local Life Experience - Brother Tours Laos","","3-Day Immersive Local Life Experience","1169","follow, index, max-video-preview:-1, max-image-preview:large","https://www.brothertours.com/tour/3-day-immersive-local-life-experience/","true","MISSING","MISSING","27","Product|Offer","20","tour","","E2","2026-08-11T01:02:16Z","Appended after initial crawl output truncation; graph metrics pending"
"https://www.brothertours.com/tour/4-day-adventure-vientiane-muang-fueng-vang-vieng-highlights/","https://www.brothertours.com/tour-sitemap.xml","200","https://www.brothertours.com/tour/4-day-adventure-vientiane-muang-fueng-vang-vieng-highlights/","text/html; charset=UTF-8","4 Day Adventure Vientiane, Muang Fueng and Vang Vieng Highlights - Brother Tours Laos","Embark on an unforgettable 4 Day Adventure Vientiane through Laos, exploring the historic city of Vientiane, the natural beauty of Muang Fueng, and the stunning landscapes of Vang Vieng. Discover ancient temples, breathtaking caves, and vibrant local culture on this expertly guided journey. Book your tour today!","4 Day Adventure Vientiane, Muang Fueng and Vang Vieng Highlights","1721","follow, index, max-video-preview:-1, max-image-preview:large","https://www.brothertours.com/tour/4-day-adventure-vientiane-muang-fueng-vang-vieng-highlights/","true","MISSING","MISSING","34","Product|Offer","8","tour","","E2","2026-08-11T01:02:16Z","Appended after initial crawl output truncation; graph metrics pending"
"https://www.brothertours.com/tour/4-day-vientiane-highlights-and-konglor-cave-adventure/","https://www.brothertours.com/tour-sitemap.xml","200","https://www.brothertours.com/tour/4-day-vientiane-highlights-and-konglor-cave-adventure/","text/html; charset=UTF-8","4 Day Vientiane Highlights and Konglor Cave Adventure - Brother Tours Laos","","4 Day Vientiane Highlights and Konglor Cave Adventure","816","follow, index, max-video-preview:-1, max-image-preview:large","https://www.brothertours.com/tour/4-day-vientiane-highlights-and-konglor-cave-adventure/","true","MISSING","MISSING","31","Product|Offer","7","tour","","E2","2026-08-11T01:02:16Z","Appended after initial crawl output truncation; graph metrics pending"
"https://www.brothertours.com/tour/5-day-4-night-southern-laos-adventure/","https://www.brothertours.com/tour-sitemap.xml","200","https://www.brothertours.com/tour/5-day-4-night-southern-laos-adventure/","text/html; charset=UTF-8","5-Day, 4-Night Southern Laos Adventure - Brother Tours Laos","Embark on a thrilling 5-day Laos adventure, exploring stunning waterfalls, ancient temples, and scenic landscapes. Explore Laos adventure with us!","5-Day, 4-Night Southern Laos Adventure","1533","follow, index, max-video-preview:-1, max-image-preview:large","https://www.brothertours.com/tour/5-day-4-night-southern-laos-adventure/","true","MISSING","MISSING","32","Product|Offer","8","tour","","E2","2026-08-11T01:02:16Z","Appended after initial crawl output truncation; graph metrics pending"
"https://www.brothertours.com/tour/6-day-authentic-laos-dive-deep-into-local-life-and-hidden-gems/","https://www.brothertours.com/tour-sitemap.xml","200","https://www.brothertours.com/tour/6-day-authentic-laos-dive-deep-into-local-life-and-hidden-gems/","text/html; charset=UTF-8","6 Day Authentic Laos Dive Deep into Local Life and Hidden Gems - Brother Tours Laos","","6 Day Authentic Laos Dive Deep into Local Life and Hidden Gems","983","follow, index, max-video-preview:-1, max-image-preview:large","https://www.brothertours.com/tour/6-day-authentic-laos-dive-deep-into-local-life-and-hidden-gems/","true","MISSING","MISSING","31","Product|Offer","8","tour","","E2","2026-08-11T01:02:16Z","Appended after initial crawl output truncation; graph metrics pending"
"https://www.brothertours.com/tour/6-day-laos-wonder-escape-vientiane-vangvieng/","https://www.brothertours.com/tour-sitemap.xml","200","https://www.brothertours.com/tour/6-day-laos-wonder-escape-vientiane-vangvieng/","text/html; charset=UTF-8","Easy 6 Day Laos Trip: Vientiane, Vang Vieng, Konglor Cave","6-Day Laos Wonder Escape with Brother Tours. Explore the breathtaking Konglor Cave, the vibrant city of Vientiane, and the natural beauty of Vang Vieng.","6-Day Laos Wonder Escape, Konglor cave, Vientiane and Vangvieng","1115","follow, index, max-video-preview:-1, max-image-preview:large","https://www.brothertours.com/tour/6-day-laos-wonder-escape-vientiane-vangvieng/","true","MISSING","MISSING","29","Product|Offer","6","tour","","E2","2026-08-11T01:02:16Z","Appended after initial crawl output truncation; graph metrics pending"
